well_id,fold,horizontal_relative
000d7d20,2,000d7d20__horizontal_well.csv
00bbac68,2,00bbac68__horizontal_well.csv
00e12e8b,1,00e12e8b__horizontal_well.csv
015fe0d2,0,015fe0d2__horizontal_well.csv
01869cd4,0,01869cd4__horizontal_well.csv
01982c1d,0,01982c1d__horizontal_well.csv
028d7b28,2,028d7b28__horizontal_well.csv
02e7fe5a,2,02e7fe5a__horizontal_well.csv
0390d174,1,0390d174__horizontal_well.csv
03a935ae,1,03a935ae__horizontal_well.csv
044af7d1,1,044af7d1__horizontal_well.csv
0498acab,1,0498acab__horizontal_well.csv
052d64df,1,052d64df__horizontal_well.csv
05948241,0,05948241__horizontal_well.csv
059c8f24,0,059c8f24__horizontal_well.csv
05a0ee4d,1,05a0ee4d__horizontal_well.csv
060ab2b8,2,060ab2b8__horizontal_well.csv
06df5958,1,06df5958__horizontal_well.csv
071d7b45,0,071d7b45__horizontal_well.csv
0849b4e2,2,0849b4e2__horizontal_well.csv
084d66f9,2,084d66f9__horizontal_well.csv
08fecf00,3,08fecf00__horizontal_well.csv
09053135,0,09053135__horizontal_well.csv
09441b8d,0,09441b8d__horizontal_well.csv
0955cd6c,3,0955cd6c__horizontal_well.csv
09ec2ca9,0,09ec2ca9__horizontal_well.csv
0a57a29c,0,0a57a29c__horizontal_well.csv
0bbf5e67,3,0bbf5e67__horizontal_well.csv
0be01c24,2,0be01c24__horizontal_well.csv
0c1b160c,2,0c1b160c__horizontal_well.csv
0d99f8e4,3,0d99f8e4__horizontal_well.csv
0dc5e64d,2,0dc5e64d__horizontal_well.csv
0dc835f3,0,0dc835f3__horizontal_well.csv
0dd99dc5,2,0dd99dc5__horizontal_well.csv
0e5e560d,1,0e5e560d__horizontal_well.csv
109d9d70,0,109d9d70__horizontal_well.csv
10a1281a,3,10a1281a__horizontal_well.csv
10b89021,0,10b89021__horizontal_well.csv
10be2420,1,10be2420__horizontal_well.csv
113011eb,0,113011eb__horizontal_well.csv
1131525f,3,1131525f__horizontal_well.csv
11d0f5ac,0,11d0f5ac__horizontal_well.csv
12203f2a,3,12203f2a__horizontal_well.csv
122bd617,1,122bd617__horizontal_well.csv
125be846,3,125be846__horizontal_well.csv
1285a37b,3,1285a37b__horizontal_well.csv
1295a25b,2,1295a25b__horizontal_well.csv
12f0cd90,2,12f0cd90__horizontal_well.csv
137d1e44,0,137d1e44__horizontal_well.csv
13ce113d,3,13ce113d__horizontal_well.csv
13f598d9,3,13f598d9__horizontal_well.csv
14a53cb3,2,14a53cb3__horizontal_well.csv
14ab73fb,3,14ab73fb__horizontal_well.csv
14ad5efb,1,14ad5efb__horizontal_well.csv
14fee784,0,14fee784__horizontal_well.csv
153552f5,3,153552f5__horizontal_well.csv
1550491d,2,1550491d__horizontal_well.csv
155887bb,2,155887bb__horizontal_well.csv
1590af81,2,1590af81__horizontal_well.csv
15e154a1,3,15e154a1__horizontal_well.csv
1619e2ca,1,1619e2ca__horizontal_well.csv
16e4a047,0,16e4a047__horizontal_well.csv
173ed841,0,173ed841__horizontal_well.csv
1770d7c6,0,1770d7c6__horizontal_well.csv
177622d7,1,177622d7__horizontal_well.csv
18d24f7b,0,18d24f7b__horizontal_well.csv
19137a89,2,19137a89__horizontal_well.csv
1944513c,0,1944513c__horizontal_well.csv
197f8a5a,1,197f8a5a__horizontal_well.csv
19871e7f,0,19871e7f__horizontal_well.csv
198a5607,2,198a5607__horizontal_well.csv
19fb4f7b,0,19fb4f7b__horizontal_well.csv
1a518997,3,1a518997__horizontal_well.csv
1a68190b,2,1a68190b__horizontal_well.csv
1a730ac2,2,1a730ac2__horizontal_well.csv
1aaf1da0,3,1aaf1da0__horizontal_well.csv
1b08ed48,3,1b08ed48__horizontal_well.csv
1b1c5372,1,1b1c5372__horizontal_well.csv
1b1eba53,0,1b1eba53__horizontal_well.csv
1b6ba517,0,1b6ba517__horizontal_well.csv
1b82b665,3,1b82b665__horizontal_well.csv
1bcb2fcf,1,1bcb2fcf__horizontal_well.csv
1beca81d,3,1beca81d__horizontal_well.csv
1d3fbf02,3,1d3fbf02__horizontal_well.csv
1d78281a,2,1d78281a__horizontal_well.csv
1e30dedf,2,1e30dedf__horizontal_well.csv
1e5e3573,1,1e5e3573__horizontal_well.csv
1f9afacb,2,1f9afacb__horizontal_well.csv
1fdbba44,1,1fdbba44__horizontal_well.csv
1fee2b62,2,1fee2b62__horizontal_well.csv
20096916,0,20096916__horizontal_well.csv
200d233d,1,200d233d__horizontal_well.csv
201661b5,2,201661b5__horizontal_well.csv
203721ab,2,203721ab__horizontal_well.csv
20402d71,1,20402d71__horizontal_well.csv
2043abc5,0,2043abc5__horizontal_well.csv
204cc64b,0,204cc64b__horizontal_well.csv
206b6193,3,206b6193__horizontal_well.csv
2075c696,2,2075c696__horizontal_well.csv
22c5f93f,1,22c5f93f__horizontal_well.csv
230eaaa3,1,230eaaa3__horizontal_well.csv
2364716c,0,2364716c__horizontal_well.csv
23b9beb0,1,23b9beb0__horizontal_well.csv
24d8997e,3,24d8997e__horizontal_well.csv
25050f63,3,25050f63__horizontal_well.csv
25939962,2,25939962__horizontal_well.csv
25fd32b3,0,25fd32b3__horizontal_well.csv
261785ee,3,261785ee__horizontal_well.csv
264feceb,0,264feceb__horizontal_well.csv
26623a50,2,26623a50__horizontal_well.csv
26d3a96a,3,26d3a96a__horizontal_well.csv
272abef3,3,272abef3__horizontal_well.csv
27300fd5,2,27300fd5__horizontal_well.csv
276b012a,3,276b012a__horizontal_well.csv
27c3155b,0,27c3155b__horizontal_well.csv
27ebb9b9,1,27ebb9b9__horizontal_well.csv
283269ac,2,283269ac__horizontal_well.csv
28473855,2,28473855__horizontal_well.csv
28f4eda9,3,28f4eda9__horizontal_well.csv
29b24409,0,29b24409__horizontal_well.csv
29de15c8,3,29de15c8__horizontal_well.csv
2ab29395,1,2ab29395__horizontal_well.csv
2ac7cb6b,1,2ac7cb6b__horizontal_well.csv
2acc78d4,2,2acc78d4__horizontal_well.csv
2b034622,1,2b034622__horizontal_well.csv
2b06ad65,0,2b06ad65__horizontal_well.csv
2b547943,0,2b547943__horizontal_well.csv
2be5c96a,2,2be5c96a__horizontal_well.csv
2bff06cf,1,2bff06cf__horizontal_well.csv
2c0c4a4e,1,2c0c4a4e__horizontal_well.csv
2cee0cba,3,2cee0cba__horizontal_well.csv
2d0c268a,1,2d0c268a__horizontal_well.csv
2d179ded,2,2d179ded__horizontal_well.csv
2d196986,0,2d196986__horizontal_well.csv
2d2d0c6b,2,2d2d0c6b__horizontal_well.csv
2d35f86d,0,2d35f86d__horizontal_well.csv
2d9f6cb9,2,2d9f6cb9__horizontal_well.csv
2ddad940,1,2ddad940__horizontal_well.csv
2e29e833,0,2e29e833__horizontal_well.csv
2e43c2ea,2,2e43c2ea__horizontal_well.csv
2e63d9de,0,2e63d9de__horizontal_well.csv
2ee0235b,0,2ee0235b__horizontal_well.csv
2f19d536,1,2f19d536__horizontal_well.csv
2f8e53c3,0,2f8e53c3__horizontal_well.csv
2fa01aa6,1,2fa01aa6__horizontal_well.csv
2fd68f7b,3,2fd68f7b__horizontal_well.csv
2fe023be,0,2fe023be__horizontal_well.csv
30d75030,0,30d75030__horizontal_well.csv
310c71a5,3,310c71a5__horizontal_well.csv
32fe84c9,0,32fe84c9__horizontal_well.csv
33c40295,1,33c40295__horizontal_well.csv
3407f5bf,1,3407f5bf__horizontal_well.csv
3417285d,2,3417285d__horizontal_well.csv
347242c8,3,347242c8__horizontal_well.csv
353e5502,2,353e5502__horizontal_well.csv
357c12f9,0,357c12f9__horizontal_well.csv
3584a6eb,0,3584a6eb__horizontal_well.csv
35b30c7f,2,35b30c7f__horizontal_well.csv
35b3ef6a,3,35b3ef6a__horizontal_well.csv
367456ce,3,367456ce__horizontal_well.csv
368131f9,1,368131f9__horizontal_well.csv
368fe682,2,368fe682__horizontal_well.csv
3690a146,3,3690a146__horizontal_well.csv
37344c2a,3,37344c2a__horizontal_well.csv
373ef48b,0,373ef48b__horizontal_well.csv
374be387,2,374be387__horizontal_well.csv
37d36812,0,37d36812__horizontal_well.csv
38991fd4,2,38991fd4__horizontal_well.csv
389ae58f,2,389ae58f__horizontal_well.csv
3932faa6,0,3932faa6__horizontal_well.csv
398dce4b,1,398dce4b__horizontal_well.csv
39b51819,0,39b51819__horizontal_well.csv
3a0af893,2,3a0af893__horizontal_well.csv
3a223519,0,3a223519__horizontal_well.csv
3a7dd95d,0,3a7dd95d__horizontal_well.csv
3a824aa7,3,3a824aa7__horizontal_well.csv
3a86fe8d,1,3a86fe8d__horizontal_well.csv
3aaa2b30,0,3aaa2b30__horizontal_well.csv
3ac16ad0,1,3ac16ad0__horizontal_well.csv
3b21ea64,1,3b21ea64__horizontal_well.csv
3bbe1f5d,3,3bbe1f5d__horizontal_well.csv
3bfee975,2,3bfee975__horizontal_well.csv
3c3dbcbc,2,3c3dbcbc__horizontal_well.csv
3d96d897,0,3d96d897__horizontal_well.csv
3df4b19e,0,3df4b19e__horizontal_well.csv
3e011332,3,3e011332__horizontal_well.csv
3e678ea7,2,3e678ea7__horizontal_well.csv
3ef6372a,3,3ef6372a__horizontal_well.csv
3ef98781,2,3ef98781__horizontal_well.csv
3f603129,1,3f603129__horizontal_well.csv
404c4384,1,404c4384__horizontal_well.csv
4121c517,1,4121c517__horizontal_well.csv
41fb0192,2,41fb0192__horizontal_well.csv
42669188,1,42669188__horizontal_well.csv
42c538a1,3,42c538a1__horizontal_well.csv
43b06c70,0,43b06c70__horizontal_well.csv
43c7f85a,1,43c7f85a__horizontal_well.csv
43e16325,1,43e16325__horizontal_well.csv
44441e54,0,44441e54__horizontal_well.csv
445af6c2,2,445af6c2__horizontal_well.csv
4463446c,1,4463446c__horizontal_well.csv
44a94013,3,44a94013__horizontal_well.csv
45fb3e21,0,45fb3e21__horizontal_well.csv
460f859e,2,460f859e__horizontal_well.csv
4630ab92,2,4630ab92__horizontal_well.csv
463c38f2,3,463c38f2__horizontal_well.csv
4654e7de,0,4654e7de__horizontal_well.csv
466fc788,1,466fc788__horizontal_well.csv
46a301e9,3,46a301e9__horizontal_well.csv
46a7190b,1,46a7190b__horizontal_well.csv
46d24a09,1,46d24a09__horizontal_well.csv
46d41ff6,2,46d41ff6__horizontal_well.csv
46dfcfca,1,46dfcfca__horizontal_well.csv
47222616,2,47222616__horizontal_well.csv
47ee27ab,3,47ee27ab__horizontal_well.csv
481de5fc,0,481de5fc__horizontal_well.csv
48c1f673,0,48c1f673__horizontal_well.csv
4936af16,2,4936af16__horizontal_well.csv
493b5b31,2,493b5b31__horizontal_well.csv
49dbc14c,3,49dbc14c__horizontal_well.csv
4a035ec2,0,4a035ec2__horizontal_well.csv
4a335117,1,4a335117__horizontal_well.csv
4a8ecc0b,1,4a8ecc0b__horizontal_well.csv
4b462989,2,4b462989__horizontal_well.csv
4b831d20,3,4b831d20__horizontal_well.csv
4c2208f5,0,4c2208f5__horizontal_well.csv
4c3168cf,2,4c3168cf__horizontal_well.csv
4c3df468,1,4c3df468__horizontal_well.csv
4caa7289,0,4caa7289__horizontal_well.csv
4cd1ac61,2,4cd1ac61__horizontal_well.csv
4cecf7b3,1,4cecf7b3__horizontal_well.csv
4ddde4c1,2,4ddde4c1__horizontal_well.csv
4e050c92,2,4e050c92__horizontal_well.csv
4ed93db6,1,4ed93db6__horizontal_well.csv
4f3eb9e9,1,4f3eb9e9__horizontal_well.csv
4f4ac5ce,1,4f4ac5ce__horizontal_well.csv
4f4afcc6,1,4f4afcc6__horizontal_well.csv
4f69febf,0,4f69febf__horizontal_well.csv
4fbe9c06,1,4fbe9c06__horizontal_well.csv
504c8b08,1,504c8b08__horizontal_well.csv
511e1db0,1,511e1db0__horizontal_well.csv
512943b2,1,512943b2__horizontal_well.csv
5138a660,3,5138a660__horizontal_well.csv
516088b7,3,516088b7__horizontal_well.csv
521a7819,1,521a7819__horizontal_well.csv
5254b6db,3,5254b6db__horizontal_well.csv
529e88ca,3,529e88ca__horizontal_well.csv
52f1e77a,0,52f1e77a__horizontal_well.csv
5305524b,0,5305524b__horizontal_well.csv
53134831,0,53134831__horizontal_well.csv
5397ceb1,2,5397ceb1__horizontal_well.csv
53f23031,1,53f23031__horizontal_well.csv
543198e8,1,543198e8__horizontal_well.csv
54753541,1,54753541__horizontal_well.csv
54a7e3c2,3,54a7e3c2__horizontal_well.csv
5542c301,3,5542c301__horizontal_well.csv
5567d551,0,5567d551__horizontal_well.csv
55efee7f,2,55efee7f__horizontal_well.csv
5663b2b7,0,5663b2b7__horizontal_well.csv
5693dde2,0,5693dde2__horizontal_well.csv
56b00794,0,56b00794__horizontal_well.csv
57796579,2,57796579__horizontal_well.csv
577eec7c,2,577eec7c__horizontal_well.csv
57f05c51,0,57f05c51__horizontal_well.csv
58850d2c,2,58850d2c__horizontal_well.csv
58fa8486,2,58fa8486__horizontal_well.csv
591cc951,3,591cc951__horizontal_well.csv
593876b6,3,593876b6__horizontal_well.csv
59f8b2e8,0,59f8b2e8__horizontal_well.csv
5a1a8fd8,1,5a1a8fd8__horizontal_well.csv
5a5269a9,3,5a5269a9__horizontal_well.csv
5a5d1982,1,5a5d1982__horizontal_well.csv
5a63b5d1,0,5a63b5d1__horizontal_well.csv
5aa03df7,3,5aa03df7__horizontal_well.csv
5aa403d0,1,5aa403d0__horizontal_well.csv
5aef5c6c,0,5aef5c6c__horizontal_well.csv
5b7b6324,0,5b7b6324__horizontal_well.csv
5bd25f59,0,5bd25f59__horizontal_well.csv
5beded95,0,5beded95__horizontal_well.csv
5cb483ac,3,5cb483ac__horizontal_well.csv
5cdd8dbc,2,5cdd8dbc__horizontal_well.csv
5d11dfb5,3,5d11dfb5__horizontal_well.csv
5d7198fd,2,5d7198fd__horizontal_well.csv
5def1ce5,3,5def1ce5__horizontal_well.csv
5eae34a8,0,5eae34a8__horizontal_well.csv
5f4d2a52,1,5f4d2a52__horizontal_well.csv
5f6756c5,2,5f6756c5__horizontal_well.csv
5f75f796,3,5f75f796__horizontal_well.csv
5fb1c15f,1,5fb1c15f__horizontal_well.csv
5fffa282,3,5fffa282__horizontal_well.csv
60e37807,0,60e37807__horizontal_well.csv
61f27424,1,61f27424__horizontal_well.csv
62569ae3,0,62569ae3__horizontal_well.csv
62a6f539,3,62a6f539__horizontal_well.csv
633774dc,3,633774dc__horizontal_well.csv
63559d57,0,63559d57__horizontal_well.csv
647f2a41,1,647f2a41__horizontal_well.csv
65156b96,0,65156b96__horizontal_well.csv
653612bc,0,653612bc__horizontal_well.csv
656a067b,0,656a067b__horizontal_well.csv
65a5466a,2,65a5466a__horizontal_well.csv
660d9546,3,660d9546__horizontal_well.csv
6767c111,0,6767c111__horizontal_well.csv
67847288,2,67847288__horizontal_well.csv
67a8da4a,2,67a8da4a__horizontal_well.csv
684a6fc1,0,684a6fc1__horizontal_well.csv
698930d1,2,698930d1__horizontal_well.csv
699ea575,1,699ea575__horizontal_well.csv
69c1bdad,2,69c1bdad__horizontal_well.csv
69e41fa6,3,69e41fa6__horizontal_well.csv
6a0ff78e,3,6a0ff78e__horizontal_well.csv
6a8fa194,1,6a8fa194__horizontal_well.csv
6ae68655,1,6ae68655__horizontal_well.csv
6d1d74e1,0,6d1d74e1__horizontal_well.csv
6d590e26,3,6d590e26__horizontal_well.csv
6d6d93af,1,6d6d93af__horizontal_well.csv
6dbe4b60,0,6dbe4b60__horizontal_well.csv
6e6d122c,1,6e6d122c__horizontal_well.csv
6e9ccd38,2,6e9ccd38__horizontal_well.csv
6ea22614,0,6ea22614__horizontal_well.csv
6ede926a,2,6ede926a__horizontal_well.csv
708caea9,0,708caea9__horizontal_well.csv
70925e23,0,70925e23__horizontal_well.csv
70e1788b,1,70e1788b__horizontal_well.csv
71642c7d,3,71642c7d__horizontal_well.csv
71ccf778,1,71ccf778__horizontal_well.csv
7224331b,3,7224331b__horizontal_well.csv
722cf0d8,2,722cf0d8__horizontal_well.csv
7256229b,1,7256229b__horizontal_well.csv
726f3dc2,2,726f3dc2__horizontal_well.csv
7271dd80,1,7271dd80__horizontal_well.csv
727a3a10,3,727a3a10__horizontal_well.csv
729665c0,2,729665c0__horizontal_well.csv
729e9750,1,729e9750__horizontal_well.csv
729f4217,2,729f4217__horizontal_well.csv
72dd8501,0,72dd8501__horizontal_well.csv
73348914,3,73348914__horizontal_well.csv
739a914f,0,739a914f__horizontal_well.csv
73b1447d,2,73b1447d__horizontal_well.csv
74b6186b,1,74b6186b__horizontal_well.csv
75c20ec7,2,75c20ec7__horizontal_well.csv
75cd5f11,0,75cd5f11__horizontal_well.csv
75d20a82,1,75d20a82__horizontal_well.csv
76201745,2,76201745__horizontal_well.csv
764072a5,3,764072a5__horizontal_well.csv
77b0d905,0,77b0d905__horizontal_well.csv
77e4821c,1,77e4821c__horizontal_well.csv
7850c72e,0,7850c72e__horizontal_well.csv
78a4a386,1,78a4a386__horizontal_well.csv
79507629,1,79507629__horizontal_well.csv
796dbd4c,1,796dbd4c__horizontal_well.csv
7987f2f2,2,7987f2f2__horizontal_well.csv
7993a768,1,7993a768__horizontal_well.csv
7a5660b0,2,7a5660b0__horizontal_well.csv
7acda2df,1,7acda2df__horizontal_well.csv
7b2c7b3c,2,7b2c7b3c__horizontal_well.csv
7b38844c,0,7b38844c__horizontal_well.csv
7bb17b96,3,7bb17b96__horizontal_well.csv
7c607683,2,7c607683__horizontal_well.csv
7cbbd047,3,7cbbd047__horizontal_well.csv
7cd4bb31,3,7cd4bb31__horizontal_well.csv
7d50373e,1,7d50373e__horizontal_well.csv
7d57c75d,2,7d57c75d__horizontal_well.csv
7e208414,1,7e208414__horizontal_well.csv
7e721392,2,7e721392__horizontal_well.csv
7ff89f8f,2,7ff89f8f__horizontal_well.csv
8050c789,2,8050c789__horizontal_well.csv
807f0298,1,807f0298__horizontal_well.csv
811f52b3,2,811f52b3__horizontal_well.csv
81bf5923,2,81bf5923__horizontal_well.csv
81fc01c6,0,81fc01c6__horizontal_well.csv
8255c867,3,8255c867__horizontal_well.csv
82aab6d2,0,82aab6d2__horizontal_well.csv
82fcf37c,3,82fcf37c__horizontal_well.csv
833af382,1,833af382__horizontal_well.csv
8382f4b6,3,8382f4b6__horizontal_well.csv
84633df4,2,84633df4__horizontal_well.csv
8478df29,3,8478df29__horizontal_well.csv
84815d5a,0,84815d5a__horizontal_well.csv
84c3b497,1,84c3b497__horizontal_well.csv
85380836,0,85380836__horizontal_well.csv
8612b37f,2,8612b37f__horizontal_well.csv
861e71df,1,861e71df__horizontal_well.csv
86454a6f,2,86454a6f__horizontal_well.csv
8648abae,1,8648abae__horizontal_well.csv
865033f8,1,865033f8__horizontal_well.csv
87695469,1,87695469__horizontal_well.csv
877ed19c,0,877ed19c__horizontal_well.csv
87aa3730,1,87aa3730__horizontal_well.csv
884ecb5f,1,884ecb5f__horizontal_well.csv
8902c3f6,1,8902c3f6__horizontal_well.csv
896d15b9,1,896d15b9__horizontal_well.csv
8995c945,3,8995c945__horizontal_well.csv
89969c7a,1,89969c7a__horizontal_well.csv
89f1085d,0,89f1085d__horizontal_well.csv
89f36adf,0,89f36adf__horizontal_well.csv
89fdb2f2,2,89fdb2f2__horizontal_well.csv
8a3da6d1,2,8a3da6d1__horizontal_well.csv
8a89da23,2,8a89da23__horizontal_well.csv
8a9c8932,0,8a9c8932__horizontal_well.csv
8ac2f237,0,8ac2f237__horizontal_well.csv
8b12bab6,2,8b12bab6__horizontal_well.csv
8b5be31b,3,8b5be31b__horizontal_well.csv
8b95d6d1,3,8b95d6d1__horizontal_well.csv
8b9d8326,2,8b9d8326__horizontal_well.csv
8bb9c1e6,0,8bb9c1e6__horizontal_well.csv
8bda1a11,2,8bda1a11__horizontal_well.csv
8bfa881d,2,8bfa881d__horizontal_well.csv
8c167025,3,8c167025__horizontal_well.csv
8c8348e8,3,8c8348e8__horizontal_well.csv
8cc21f01,1,8cc21f01__horizontal_well.csv
8cc800b3,1,8cc800b3__horizontal_well.csv
8d5d46d7,0,8d5d46d7__horizontal_well.csv
8d92cb49,0,8d92cb49__horizontal_well.csv
8f201368,1,8f201368__horizontal_well.csv
90386ee4,2,90386ee4__horizontal_well.csv
91abc4c7,3,91abc4c7__horizontal_well.csv
91b301ce,0,91b301ce__horizontal_well.csv
91db7070,1,91db7070__horizontal_well.csv
925a7cd1,3,925a7cd1__horizontal_well.csv
9283ae69,2,9283ae69__horizontal_well.csv
9298ad5b,3,9298ad5b__horizontal_well.csv
9314ff13,1,9314ff13__horizontal_well.csv
93209a3d,2,93209a3d__horizontal_well.csv
939d9c34,3,939d9c34__horizontal_well.csv
93f5d2e6,3,93f5d2e6__horizontal_well.csv
940a48d9,3,940a48d9__horizontal_well.csv
940e709a,2,940e709a__horizontal_well.csv
9426ec1e,1,9426ec1e__horizontal_well.csv
94467f50,3,94467f50__horizontal_well.csv
944f36b9,3,944f36b9__horizontal_well.csv
94d813a4,3,94d813a4__horizontal_well.csv
95b559e7,2,95b559e7__horizontal_well.csv
95c8427f,0,95c8427f__horizontal_well.csv
96936c22,3,96936c22__horizontal_well.csv
96ae5806,1,96ae5806__horizontal_well.csv
96b7eea1,1,96b7eea1__horizontal_well.csv
9719aa04,1,9719aa04__horizontal_well.csv
974802e7,0,974802e7__horizontal_well.csv
97cd5bf9,3,97cd5bf9__horizontal_well.csv
98177ced,0,98177ced__horizontal_well.csv
9896fc0b,2,9896fc0b__horizontal_well.csv
98bc6f66,3,98bc6f66__horizontal_well.csv
992c99e8,2,992c99e8__horizontal_well.csv
992ce078,2,992ce078__horizontal_well.csv
99529c45,1,99529c45__horizontal_well.csv
995ff498,1,995ff498__horizontal_well.csv
999daf80,3,999daf80__horizontal_well.csv
9a6b0392,2,9a6b0392__horizontal_well.csv
9a8ae0d6,3,9a8ae0d6__horizontal_well.csv
9a95e33f,2,9a95e33f__horizontal_well.csv
9ab94eeb,0,9ab94eeb__horizontal_well.csv
9ad5410a,0,9ad5410a__horizontal_well.csv
9ae248be,3,9ae248be__horizontal_well.csv
9af1ffd0,0,9af1ffd0__horizontal_well.csv
9b5b61c1,2,9b5b61c1__horizontal_well.csv
9b9e3b49,1,9b9e3b49__horizontal_well.csv
9bd2bba3,2,9bd2bba3__horizontal_well.csv
9c211c53,1,9c211c53__horizontal_well.csv
9c350a6a,1,9c350a6a__horizontal_well.csv
9c8375f7,0,9c8375f7__horizontal_well.csv
9d072e4c,0,9d072e4c__horizontal_well.csv
9d3ec64c,3,9d3ec64c__horizontal_well.csv
9d4272e3,0,9d4272e3__horizontal_well.csv
9d5e14d4,0,9d5e14d4__horizontal_well.csv
9da441ba,2,9da441ba__horizontal_well.csv
9dede370,3,9dede370__horizontal_well.csv
9def2eb2,1,9def2eb2__horizontal_well.csv
9df1b1f9,1,9df1b1f9__horizontal_well.csv
9dfff011,3,9dfff011__horizontal_well.csv
9e3e364d,3,9e3e364d__horizontal_well.csv
9efc812e,3,9efc812e__horizontal_well.csv
9f0c7bae,1,9f0c7bae__horizontal_well.csv
9ffce529,3,9ffce529__horizontal_well.csv
a0383629,3,a0383629__horizontal_well.csv
a056d01e,0,a056d01e__horizontal_well.csv
a08d9e63,2,a08d9e63__horizontal_well.csv
a0b83014,1,a0b83014__horizontal_well.csv
a0e92ed6,0,a0e92ed6__horizontal_well.csv
a15bc102,1,a15bc102__horizontal_well.csv
a247e7cf,1,a247e7cf__horizontal_well.csv
a2e8e7f6,3,a2e8e7f6__horizontal_well.csv
a3518960,1,a3518960__horizontal_well.csv
a3f71395,3,a3f71395__horizontal_well.csv
a4719920,1,a4719920__horizontal_well.csv
a48640d9,0,a48640d9__horizontal_well.csv
a4cdbb0f,1,a4cdbb0f__horizontal_well.csv
a4f989c2,2,a4f989c2__horizontal_well.csv
a5aa7973,1,a5aa7973__horizontal_well.csv
a5e6f7dc,0,a5e6f7dc__horizontal_well.csv
a612d5a0,3,a612d5a0__horizontal_well.csv
a622ce4d,2,a622ce4d__horizontal_well.csv
a645da9a,1,a645da9a__horizontal_well.csv
a692b17e,3,a692b17e__horizontal_well.csv
a6b8ac67,1,a6b8ac67__horizontal_well.csv
a6ed2eff,1,a6ed2eff__horizontal_well.csv
a6f967fb,2,a6f967fb__horizontal_well.csv
a76db406,2,a76db406__horizontal_well.csv
a7744f5b,3,a7744f5b__horizontal_well.csv
a783cc24,0,a783cc24__horizontal_well.csv
a79fd2e7,1,a79fd2e7__horizontal_well.csv
a7fc3e6b,1,a7fc3e6b__horizontal_well.csv
a85bb86f,2,a85bb86f__horizontal_well.csv
a85e4bc3,3,a85e4bc3__horizontal_well.csv
a87433c9,1,a87433c9__horizontal_well.csv
a8ed028a,3,a8ed028a__horizontal_well.csv
a959858c,3,a959858c__horizontal_well.csv
a9c9b150,3,a9c9b150__horizontal_well.csv
aa95015b,3,aa95015b__horizontal_well.csv
aaaf3c03,2,aaaf3c03__horizontal_well.csv
aaeffccb,0,aaeffccb__horizontal_well.csv
ab112491,3,ab112491__horizontal_well.csv
ab18d3fc,3,ab18d3fc__horizontal_well.csv
ab3ced07,0,ab3ced07__horizontal_well.csv
ab6fe95d,0,ab6fe95d__horizontal_well.csv
ab94878e,1,ab94878e__horizontal_well.csv
abf460d2,1,abf460d2__horizontal_well.csv
ac6f01d5,1,ac6f01d5__horizontal_well.csv
ad2133a8,0,ad2133a8__horizontal_well.csv
add9c322,0,add9c322__horizontal_well.csv
ae069086,0,ae069086__horizontal_well.csv
ae0784a8,1,ae0784a8__horizontal_well.csv
ae35f33a,0,ae35f33a__horizontal_well.csv
ae8959c3,1,ae8959c3__horizontal_well.csv
aed44918,1,aed44918__horizontal_well.csv
aee6393a,0,aee6393a__horizontal_well.csv
af7a59ce,3,af7a59ce__horizontal_well.csv
aff4e561,0,aff4e561__horizontal_well.csv
b04b58a3,1,b04b58a3__horizontal_well.csv
b0d42b0d,1,b0d42b0d__horizontal_well.csv
b0f53bf4,0,b0f53bf4__horizontal_well.csv
b19b0395,1,b19b0395__horizontal_well.csv
b1efb8a4,1,b1efb8a4__horizontal_well.csv
b32902c0,0,b32902c0__horizontal_well.csv
b32e4903,3,b32e4903__horizontal_well.csv
b3388334,3,b3388334__horizontal_well.csv
b37fd114,3,b37fd114__horizontal_well.csv
b38e3116,0,b38e3116__horizontal_well.csv
b4d8dd4f,2,b4d8dd4f__horizontal_well.csv
b4f37e6e,3,b4f37e6e__horizontal_well.csv
b56bc0aa,2,b56bc0aa__horizontal_well.csv
b585b4fa,0,b585b4fa__horizontal_well.csv
b5aa9634,3,b5aa9634__horizontal_well.csv
b7974e66,0,b7974e66__horizontal_well.csv
b7cdcecb,3,b7cdcecb__horizontal_well.csv
b7fea9ef,3,b7fea9ef__horizontal_well.csv
b85f7b06,1,b85f7b06__horizontal_well.csv
b881d27e,0,b881d27e__horizontal_well.csv
b8c49c1a,2,b8c49c1a__horizontal_well.csv
b95e7121,0,b95e7121__horizontal_well.csv
b977be4a,2,b977be4a__horizontal_well.csv
ba48188d,2,ba48188d__horizontal_well.csv
bb2cdd83,2,bb2cdd83__horizontal_well.csv
bb337fa0,1,bb337fa0__horizontal_well.csv
bb682ebd,2,bb682ebd__horizontal_well.csv
bc4381e2,2,bc4381e2__horizontal_well.csv
bcebcc5f,0,bcebcc5f__horizontal_well.csv
bd2c2f34,2,bd2c2f34__horizontal_well.csv
bd4ae5da,0,bd4ae5da__horizontal_well.csv
bd6f0e19,0,bd6f0e19__horizontal_well.csv
bd8f847e,2,bd8f847e__horizontal_well.csv
be063506,0,be063506__horizontal_well.csv
be35c8f2,1,be35c8f2__horizontal_well.csv
be83e781,1,be83e781__horizontal_well.csv
beda8696,3,beda8696__horizontal_well.csv
bf39bc20,3,bf39bc20__horizontal_well.csv
bf70b410,1,bf70b410__horizontal_well.csv
bffe3082,0,bffe3082__horizontal_well.csv
c03b9305,1,c03b9305__horizontal_well.csv
c03d4aed,1,c03d4aed__horizontal_well.csv
c03fba65,0,c03fba65__horizontal_well.csv
c07fd0cd,1,c07fd0cd__horizontal_well.csv
c1708b88,0,c1708b88__horizontal_well.csv
c1d046f4,2,c1d046f4__horizontal_well.csv
c2717d4f,3,c2717d4f__horizontal_well.csv
c2c4db09,3,c2c4db09__horizontal_well.csv
c2c6fc71,2,c2c6fc71__horizontal_well.csv
c36625df,2,c36625df__horizontal_well.csv
c3957531,0,c3957531__horizontal_well.csv
c42fe306,1,c42fe306__horizontal_well.csv
c43812e2,2,c43812e2__horizontal_well.csv
c472c0b5,2,c472c0b5__horizontal_well.csv
c47e0767,3,c47e0767__horizontal_well.csv
c50b42f6,3,c50b42f6__horizontal_well.csv
c593337f,3,c593337f__horizontal_well.csv
c59b6c4a,1,c59b6c4a__horizontal_well.csv
c66be2b8,3,c66be2b8__horizontal_well.csv
c6797dd7,1,c6797dd7__horizontal_well.csv
c6b782a4,0,c6b782a4__horizontal_well.csv
c6c96179,3,c6c96179__horizontal_well.csv
c70c0e01,0,c70c0e01__horizontal_well.csv
c84c65be,1,c84c65be__horizontal_well.csv
c8d9680c,0,c8d9680c__horizontal_well.csv
c908edd0,0,c908edd0__horizontal_well.csv
c9578d27,2,c9578d27__horizontal_well.csv
c96c018a,1,c96c018a__horizontal_well.csv
c99f9fae,3,c99f9fae__horizontal_well.csv
c9e6734f,1,c9e6734f__horizontal_well.csv
c9e980e8,2,c9e980e8__horizontal_well.csv
c9fedcf3,0,c9fedcf3__horizontal_well.csv
cad13e8f,2,cad13e8f__horizontal_well.csv
cb34231f,3,cb34231f__horizontal_well.csv
cb879f40,1,cb879f40__horizontal_well.csv
cbb406b5,0,cbb406b5__horizontal_well.csv
cbe51de1,2,cbe51de1__horizontal_well.csv
cbe62450,3,cbe62450__horizontal_well.csv
cc08aa63,1,cc08aa63__horizontal_well.csv
cc8a1d57,0,cc8a1d57__horizontal_well.csv
ccedb12b,2,ccedb12b__horizontal_well.csv
cd7f1687,3,cd7f1687__horizontal_well.csv
cda7eb37,0,cda7eb37__horizontal_well.csv
cdc31d65,2,cdc31d65__horizontal_well.csv
cdc60a53,0,cdc60a53__horizontal_well.csv
ce55ba43,2,ce55ba43__horizontal_well.csv
ce8399b7,1,ce8399b7__horizontal_well.csv
cf50c9d1,0,cf50c9d1__horizontal_well.csv
d00e7eb9,3,d00e7eb9__horizontal_well.csv
d011f41b,3,d011f41b__horizontal_well.csv
d07aed8f,1,d07aed8f__horizontal_well.csv
d085e611,1,d085e611__horizontal_well.csv
d0a0e7b5,3,d0a0e7b5__horizontal_well.csv
d0a43760,0,d0a43760__horizontal_well.csv
d0cb63ae,3,d0cb63ae__horizontal_well.csv
d114d9c2,3,d114d9c2__horizontal_well.csv
d1457cc5,2,d1457cc5__horizontal_well.csv
d1ecf309,3,d1ecf309__horizontal_well.csv
d1ee630d,3,d1ee630d__horizontal_well.csv
d217e0c5,3,d217e0c5__horizontal_well.csv
d24ff243,2,d24ff243__horizontal_well.csv
d273674e,3,d273674e__horizontal_well.csv
d2f3b1ab,2,d2f3b1ab__horizontal_well.csv
d3df146b,2,d3df146b__horizontal_well.csv
d40f61d5,3,d40f61d5__horizontal_well.csv
d41beaf2,3,d41beaf2__horizontal_well.csv
d463e527,0,d463e527__horizontal_well.csv
d4f60a28,1,d4f60a28__horizontal_well.csv
d50c649a,2,d50c649a__horizontal_well.csv
d543916f,3,d543916f__horizontal_well.csv
d5df0ff5,2,d5df0ff5__horizontal_well.csv
d60430e6,3,d60430e6__horizontal_well.csv
d63196fe,2,d63196fe__horizontal_well.csv
d6c320d9,1,d6c320d9__horizontal_well.csv
d6dd7330,2,d6dd7330__horizontal_well.csv
d7ba4f9d,0,d7ba4f9d__horizontal_well.csv
d7eb0be8,1,d7eb0be8__horizontal_well.csv
d84b621b,3,d84b621b__horizontal_well.csv
d90aa14c,0,d90aa14c__horizontal_well.csv
d924e971,3,d924e971__horizontal_well.csv
d9ae59b2,0,d9ae59b2__horizontal_well.csv
d9d6d94d,3,d9d6d94d__horizontal_well.csv
d9eca87b,2,d9eca87b__horizontal_well.csv
da2d4d7c,3,da2d4d7c__horizontal_well.csv
da3bfe4e,3,da3bfe4e__horizontal_well.csv
da3cf798,0,da3cf798__horizontal_well.csv
da940160,2,da940160__horizontal_well.csv
dafc88c3,1,dafc88c3__horizontal_well.csv
dbee6c86,1,dbee6c86__horizontal_well.csv
dc5fbe29,0,dc5fbe29__horizontal_well.csv
dc7da28f,2,dc7da28f__horizontal_well.csv
dc7f9757,3,dc7f9757__horizontal_well.csv
dd168de0,3,dd168de0__horizontal_well.csv
dd64382d,0,dd64382d__horizontal_well.csv
dd6bc5b2,3,dd6bc5b2__horizontal_well.csv
dd7d638e,2,dd7d638e__horizontal_well.csv
ddc790ff,1,ddc790ff__horizontal_well.csv
df71d1ff,3,df71d1ff__horizontal_well.csv
df73b8f3,0,df73b8f3__horizontal_well.csv
df8290be,1,df8290be__horizontal_well.csv
e0079ed1,1,e0079ed1__horizontal_well.csv
e03b45fd,3,e03b45fd__horizontal_well.csv
e0f36d98,1,e0f36d98__horizontal_well.csv
e149204f,0,e149204f__horizontal_well.csv
e14d641e,0,e14d641e__horizontal_well.csv
e161bd0c,2,e161bd0c__horizontal_well.csv
e201fd6d,2,e201fd6d__horizontal_well.csv
e25f1537,1,e25f1537__horizontal_well.csv
e2fc7745,2,e2fc7745__horizontal_well.csv
e32da4ec,0,e32da4ec__horizontal_well.csv
e3b34f5b,2,e3b34f5b__horizontal_well.csv
e45a2a62,0,e45a2a62__horizontal_well.csv
e46f4ef4,0,e46f4ef4__horizontal_well.csv
e4726608,2,e4726608__horizontal_well.csv
e5864244,3,e5864244__horizontal_well.csv
e5c92e59,1,e5c92e59__horizontal_well.csv
e5ff9fd2,2,e5ff9fd2__horizontal_well.csv
e6c55748,1,e6c55748__horizontal_well.csv
e730c32b,0,e730c32b__horizontal_well.csv
e737965a,2,e737965a__horizontal_well.csv
e748dd88,3,e748dd88__horizontal_well.csv
e7818f7a,2,e7818f7a__horizontal_well.csv
e7c36e81,3,e7c36e81__horizontal_well.csv
e7d0c1de,0,e7d0c1de__horizontal_well.csv
e85074c5,3,e85074c5__horizontal_well.csv
e97032ad,2,e97032ad__horizontal_well.csv
e9949a23,3,e9949a23__horizontal_well.csv
ea0b99b7,2,ea0b99b7__horizontal_well.csv
ea3a0e38,3,ea3a0e38__horizontal_well.csv
ea41324e,1,ea41324e__horizontal_well.csv
eabc711b,1,eabc711b__horizontal_well.csv
eac10e86,0,eac10e86__horizontal_well.csv
eafb863e,3,eafb863e__horizontal_well.csv
eb06a4e7,3,eb06a4e7__horizontal_well.csv
eb640a35,2,eb640a35__horizontal_well.csv
eb934281,0,eb934281__horizontal_well.csv
eba6605e,0,eba6605e__horizontal_well.csv
ebe69318,3,ebe69318__horizontal_well.csv
ec0d597b,1,ec0d597b__horizontal_well.csv
ec13af42,0,ec13af42__horizontal_well.csv
ecdab904,2,ecdab904__horizontal_well.csv
ecdaf714,3,ecdaf714__horizontal_well.csv
ed6436d6,3,ed6436d6__horizontal_well.csv
ed6e6e54,0,ed6e6e54__horizontal_well.csv
edf885a3,0,edf885a3__horizontal_well.csv
ee0300f7,3,ee0300f7__horizontal_well.csv
ee288beb,0,ee288beb__horizontal_well.csv
ee4aecac,3,ee4aecac__horizontal_well.csv
eeda36f5,0,eeda36f5__horizontal_well.csv
eeed308d,3,eeed308d__horizontal_well.csv
ef04658e,3,ef04658e__horizontal_well.csv
ef8e3ed0,1,ef8e3ed0__horizontal_well.csv
efde6ac3,1,efde6ac3__horizontal_well.csv
efe96181,3,efe96181__horizontal_well.csv
f0188a48,3,f0188a48__horizontal_well.csv
f021b650,2,f021b650__horizontal_well.csv
f03f10fe,2,f03f10fe__horizontal_well.csv
f053a1b9,2,f053a1b9__horizontal_well.csv
f074d277,1,f074d277__horizontal_well.csv
f07d7037,2,f07d7037__horizontal_well.csv
f08774c3,3,f08774c3__horizontal_well.csv
f140c2fa,3,f140c2fa__horizontal_well.csv
f16e25e3,3,f16e25e3__horizontal_well.csv
f2d4c8c9,2,f2d4c8c9__horizontal_well.csv
f321a31c,3,f321a31c__horizontal_well.csv
f40cd091,3,f40cd091__horizontal_well.csv
f439a621,2,f439a621__horizontal_well.csv
f49fdea3,3,f49fdea3__horizontal_well.csv
f4d12d23,2,f4d12d23__horizontal_well.csv
f56d3ace,1,f56d3ace__horizontal_well.csv
f5859199,2,f5859199__horizontal_well.csv
f5d8aab6,1,f5d8aab6__horizontal_well.csv
f631da6e,1,f631da6e__horizontal_well.csv
f6824bb0,0,f6824bb0__horizontal_well.csv
f6bc699b,2,f6bc699b__horizontal_well.csv
f6d009f4,2,f6d009f4__horizontal_well.csv
f72b268f,0,f72b268f__horizontal_well.csv
f8662c22,3,f8662c22__horizontal_well.csv
f88ddb26,3,f88ddb26__horizontal_well.csv
f8afa78a,0,f8afa78a__horizontal_well.csv
f8f59188,1,f8f59188__horizontal_well.csv
f9fc81aa,0,f9fc81aa__horizontal_well.csv
fa16d114,3,fa16d114__horizontal_well.csv
fa31da94,1,fa31da94__horizontal_well.csv
fa667be2,0,fa667be2__horizontal_well.csv
fae0c593,2,fae0c593__horizontal_well.csv
fb03ae90,1,fb03ae90__horizontal_well.csv
fb0904bd,2,fb0904bd__horizontal_well.csv
fb3848a1,2,fb3848a1__horizontal_well.csv
fb73b13a,2,fb73b13a__horizontal_well.csv
fba7683c,2,fba7683c__horizontal_well.csv
fbd68d27,1,fbd68d27__horizontal_well.csv
fc03f21f,2,fc03f21f__horizontal_well.csv
fc0d20b2,0,fc0d20b2__horizontal_well.csv
fcfcc902,3,fcfcc902__horizontal_well.csv
fd3b4faa,2,fd3b4faa__horizontal_well.csv
fd710aea,1,fd710aea__horizontal_well.csv
fd8f77fa,0,fd8f77fa__horizontal_well.csv
fde20ecf,2,fde20ecf__horizontal_well.csv
fdfd57da,3,fdfd57da__horizontal_well.csv
febb4411,3,febb4411__horizontal_well.csv
fef8af96,1,fef8af96__horizontal_well.csv
ff0aea78,2,ff0aea78__horizontal_well.csv
ff8bb73a,2,ff8bb73a__horizontal_well.csv
ffefef30,0,ffefef30__horizontal_well.csv
